{"RuleTriggered": 1, "Violations": 1, "Details": {"pin_memory": true, "num_workers": 0, "cores": 4, "dataloaders": 1, "dataloading_time": {"p25": 5.658838, "p50": 5.898774, "p95": 7.790241, "probs": [1, 0, 0, 0, 0, 0, 0, 0, 2, 0, 0, 0, 0, 0, 0, 0, 2, 0, 3, 0, 1, 0, 1, 0, 0, 0, 0, 0, 0, 0, 0, 0, 0, 0, 0, 0, 0, 0, 0, 0, 0, 0, 0, 0, 0, 0, 0, 0, 0, 0, 0, 0, 0, 0, 0, 0, 0, 0, 0, 0, 0, 0, 0, 0, 0, 0, 0, 0, 0, 0, 0, 0, 0, 0, 0, 0, 0, 0, 0, 0, 0, 0, 0, 0, 0, 0, 0, 0, 0, 0, 0, 0, 0, 0, 0, 0, 0, 0, 0, 1], "binedges": [5.107319, 5.151118800000001, 5.1949186, 5.238718400000001, 5.2825182, 5.3263180000000006, 5.3701178, 5.4139176, 5.4577174, 5.5015172, 5.545317000000001, 5.5891168, 5.632916600000001, 5.6767164, 5.7205162000000005, 5.764316000000001, 5.8081158, 5.8519156, 5.8957154, 5.939515200000001, 5.983315, 6.0271148000000005, 6.0709146, 6.1147144, 6.158514200000001, 6.202314, 6.2461138, 6.2899136, 6.333713400000001, 6.3775132, 6.4213130000000005, 6.4651128, 6.5089126, 6.552712400000001, 6.5965122, 6.640312000000001, 6.6841118, 6.7279116000000005, 6.771711400000001, 6.8155112, 6.859311, 6.9031108, 6.946910600000001, 6.9907104, 7.034510200000001, 7.07831, 7.1221098000000005, 7.165909600000001, 7.2097094, 7.2535092, 7.297309, 7.341108800000001, 7.3849086, 7.4287084000000005, 7.4725082, 7.516308, 7.560107800000001, 7.6039076, 7.6477074, 7.6915072, 7.735307000000001, 7.779106800000001, 7.8229066000000005, 7.8667064, 7.9105062, 7.954306000000001, 7.9981058, 8.0419056, 8.0857054, 8.1295052, 8.173305000000001, 8.217104800000001, 8.2609046, 8.3047044, 8.3485042, 8.392304, 8.436103800000001, 8.4799036, 8.5237034, 8.5675032, 8.611303, 8.6551028, 8.6989026, 8.7427024, 8.786502200000001, 8.830302, 8.8741018, 8.9179016, 8.9617014, 9.005501200000001, 9.049301, 9.0931008, 9.1369006, 9.1807004, 9.224500200000001, 9.2683, 9.3120998, 9.3558996, 9.3996994, 9.443499200000002, 9.487299]}}, "Datapoints": 11, "RuleParameters": "min_threshold:70\nmax_threshold:200"}