{"RuleTriggered": 0, "Violations": 232, "Details": {"low_gpu_utilization": 3424, "bottlenecks": {"1648880018.812852": {"GPUs": 1, "CPUs": 1}, "1648880024.31391": {"GPUs": 1, "CPUs": 1}, "1648880030.31285": {"GPUs": 1, "CPUs": 1}, "1648880038.319149": {"GPUs": 1, "CPUs": 1}, "1648880038.813263": {"GPUs": 1, "CPUs": 2}, "1648880039.812889": {"GPUs": 1, "CPUs": 1}, "1648880040.812877": {"GPUs": 1, "CPUs": 2}, "1648880052.812923": {"GPUs": 1, "CPUs": 1}, "1648880054.815313": {"GPUs": 1, "CPUs": 1}, "1648880057.31292": {"GPUs": 1, "CPUs": 2}, "1648880058.812919": {"GPUs": 1, "CPUs": 1}, "1648880061.812868": {"GPUs": 1, "CPUs": 1}, "1648880062.312918": {"GPUs": 1, "CPUs": 1}, "1648880064.312882": {"GPUs": 1, "CPUs": 1}, "1648880067.81287": {"GPUs": 1, "CPUs": 1}, "1648880069.812906": {"GPUs": 1, "CPUs": 1}, "1648880070.312882": {"GPUs": 1, "CPUs": 1}, "1648880071.312894": {"GPUs": 1, "CPUs": 1}, "1648880071.812847": {"GPUs": 1, "CPUs": 1}, "1648880072.312873": {"GPUs": 1, "CPUs": 1}, "1648880072.812824": {"GPUs": 1, "CPUs": 1}, "1648880073.312901": {"GPUs": 1, "CPUs": 1}, "1648880073.812864": {"GPUs": 1, "CPUs": 1}, "1648880146.312886": {"GPUs": 1, "CPUs": 1}, "1648880147.812855": {"GPUs": 1, "CPUs": 1}, "1648880148.312884": {"GPUs": 1, "CPUs": 2}, "1648880148.812896": {"GPUs": 1, "CPUs": 1}, "1648880149.31292": {"GPUs": 1, "CPUs": 1}, "1648880149.812835": {"GPUs": 1, "CPUs": 2}, "1648880150.31285": {"GPUs": 1, "CPUs": 2}, "1648880150.812824": {"GPUs": 1, "CPUs": 2}, "1648880154.312865": {"GPUs": 1, "CPUs": 2}, "1648880154.812824": {"GPUs": 1, "CPUs": 2}, "1648880155.313153": {"GPUs": 1, "CPUs": 2}, "1648880155.812894": {"GPUs": 1, "CPUs": 3}, "1648880158.812866": {"GPUs": 1, "CPUs": 1}, "1648880159.312859": {"GPUs": 1, "CPUs": 2}, "1648880159.812883": {"GPUs": 1, "CPUs": 1}, "1648880160.312874": {"GPUs": 1, "CPUs": 2}, "1648880160.812878": {"GPUs": 1, "CPUs": 3}, "1648880161.312907": {"GPUs": 1, "CPUs": 3}, "1648880161.812895": {"GPUs": 1, "CPUs": 1}, "1648880162.312853": {"GPUs": 1, "CPUs": 2}, "1648880162.812886": {"GPUs": 1, "CPUs": 1}, "1648880163.312848": {"GPUs": 1, "CPUs": 3}, "1648880163.812873": {"GPUs": 1, "CPUs": 2}, "1648880164.312829": {"GPUs": 1, "CPUs": 2}, "1648880164.812902": {"GPUs": 1, "CPUs": 3}, "1648880165.312861": {"GPUs": 1, "CPUs": 3}, "1648880165.812839": {"GPUs": 1, "CPUs": 3}, "1648880166.313595": {"GPUs": 1, "CPUs": 3}, "1648880166.812821": {"GPUs": 1, "CPUs": 3}, "1648880167.312899": {"GPUs": 1, "CPUs": 3}, "1648880167.812887": {"GPUs": 1, "CPUs": 2}, "1648880168.31289": {"GPUs": 1, "CPUs": 3}, "1648880168.812898": {"GPUs": 1, "CPUs": 2}, "1648880169.312825": {"GPUs": 1, "CPUs": 2}, "1648880169.81292": {"GPUs": 1, "CPUs": 4}, "1648880170.312887": {"GPUs": 1, "CPUs": 2}, "1648880170.812896": {"GPUs": 1, "CPUs": 3}, "1648880171.312819": {"GPUs": 1, "CPUs": 3}, "1648880171.812854": {"GPUs": 1, "CPUs": 3}, "1648880172.312853": {"GPUs": 1, "CPUs": 2}, "1648880172.812911": {"GPUs": 1, "CPUs": 3}, "1648880173.312886": {"GPUs": 1, "CPUs": 3}, "1648880173.812913": {"GPUs": 1, "CPUs": 3}, "1648880174.312894": {"GPUs": 1, "CPUs": 2}, "1648880174.812855": {"GPUs": 1, "CPUs": 4}, "1648880175.312854": {"GPUs": 1, "CPUs": 3}, "1648880175.812924": {"GPUs": 1, "CPUs": 3}, "1648880176.312863": {"GPUs": 1, "CPUs": 2}, "1648880176.813561": {"GPUs": 1, "CPUs": 3}, "1648880177.312863": {"GPUs": 1, "CPUs": 4}, "1648880177.812903": {"GPUs": 1, "CPUs": 4}, "1648880178.312831": {"GPUs": 1, "CPUs": 2}, "1648880178.812843": {"GPUs": 1, "CPUs": 4}, "1648880179.313487": {"GPUs": 1, "CPUs": 3}, "1648880179.812903": {"GPUs": 1, "CPUs": 3}, "1648880180.31289": {"GPUs": 1, "CPUs": 3}, "1648880180.812854": {"GPUs": 1, "CPUs": 3}, "1648880181.312888": {"GPUs": 1, "CPUs": 3}, "1648880181.812877": {"GPUs": 1, "CPUs": 3}, "1648880182.312905": {"GPUs": 1, "CPUs": 3}, "1648880182.81286": {"GPUs": 1, "CPUs": 2}, "1648880183.313062": {"GPUs": 1, "CPUs": 3}, "1648880192.813764": {"GPUs": 1, "CPUs": 1}, "1648880193.312835": {"GPUs": 1, "CPUs": 2}, "1648880193.812875": {"GPUs": 1, "CPUs": 1}, "1648880194.312896": {"GPUs": 1, "CPUs": 1}, "1648880194.812826": {"GPUs": 1, "CPUs": 1}, "1648880195.313671": {"GPUs": 1, "CPUs": 1}, "1648880220.313646": {"GPUs": 1, "CPUs": 1}, "1648880220.813658": {"GPUs": 1, "CPUs": 2}, "1648880221.312862": {"GPUs": 1, "CPUs": 2}, "1648880221.812907": {"GPUs": 1, "CPUs": 2}, "1648880222.312854": {"GPUs": 1, "CPUs": 2}, "1648880222.813576": {"GPUs": 1, "CPUs": 4}, "1648880223.312903": {"GPUs": 1, "CPUs": 3}, "1648880223.812887": {"GPUs": 1, "CPUs": 2}, "1648880224.312853": {"GPUs": 1, "CPUs": 3}, "1648880224.813581": {"GPUs": 1, "CPUs": 3}, "1648880225.312936": {"GPUs": 1, "CPUs": 3}, "1648880225.812882": {"GPUs": 1, "CPUs": 3}, "1648880226.31286": {"GPUs": 1, "CPUs": 3}, "1648880226.812888": {"GPUs": 1, "CPUs": 3}, "1648880227.312852": {"GPUs": 1, "CPUs": 3}, "1648880227.812846": {"GPUs": 1, "CPUs": 3}, "1648880228.312908": {"GPUs": 1, "CPUs": 3}, "1648880228.812858": {"GPUs": 1, "CPUs": 2}, "1648880229.312867": {"GPUs": 1, "CPUs": 3}, "1648880229.812871": {"GPUs": 1, "CPUs": 3}, "1648880230.312864": {"GPUs": 1, "CPUs": 3}, "1648880230.81284": {"GPUs": 1, "CPUs": 2}, "1648880231.312889": {"GPUs": 1, "CPUs": 4}, "1648880246.312909": {"GPUs": 1, "CPUs": 1}, "1648880247.312941": {"GPUs": 1, "CPUs": 2}, "1648880247.81288": {"GPUs": 1, "CPUs": 1}, "1648880248.312872": {"GPUs": 1, "CPUs": 1}, "1648880249.31294": {"GPUs": 1, "CPUs": 2}, "1648880249.812917": {"GPUs": 1, "CPUs": 2}, "1648880250.312843": {"GPUs": 1, "CPUs": 1}, "1648880250.812908": {"GPUs": 1, "CPUs": 1}, "1648880251.312872": {"GPUs": 1, "CPUs": 2}, "1648880251.812866": {"GPUs": 1, "CPUs": 1}, "1648880252.313569": {"GPUs": 1, "CPUs": 1}, "1648880252.812909": {"GPUs": 1, "CPUs": 1}, "1648880258.813844": {"GPUs": 1, "CPUs": 2}, "1648880259.312862": {"GPUs": 1, "CPUs": 1}, "1648880289.312831": {"GPUs": 1, "CPUs": 2}, "1648880289.812904": {"GPUs": 1, "CPUs": 2}, "1648880290.31288": {"GPUs": 1, "CPUs": 2}, "1648880290.81288": {"GPUs": 1, "CPUs": 3}, "1648880291.312845": {"GPUs": 1, "CPUs": 3}, "1648880291.81287": {"GPUs": 1, "CPUs": 2}, "1648880292.312864": {"GPUs": 1, "CPUs": 2}, "1648880292.812931": {"GPUs": 1, "CPUs": 2}, "1648880293.312847": {"GPUs": 1, "CPUs": 2}, "1648880293.813426": {"GPUs": 1, "CPUs": 2}, "1648880294.312845": {"GPUs": 1, "CPUs": 2}, "1648880294.812883": {"GPUs": 1, "CPUs": 2}, "1648880295.312849": {"GPUs": 1, "CPUs": 2}, "1648880295.81285": {"GPUs": 1, "CPUs": 2}, "1648880296.312879": {"GPUs": 1, "CPUs": 3}, "1648880296.812887": {"GPUs": 1, "CPUs": 2}, "1648880297.312871": {"GPUs": 1, "CPUs": 2}, "1648880297.812825": {"GPUs": 1, "CPUs": 2}, "1648880298.312886": {"GPUs": 1, "CPUs": 3}, "1648880298.812916": {"GPUs": 1, "CPUs": 2}, "1648880299.312885": {"GPUs": 1, "CPUs": 2}, "1648880299.812872": {"GPUs": 1, "CPUs": 3}, "1648880300.312864": {"GPUs": 1, "CPUs": 1}, "1648880300.812879": {"GPUs": 1, "CPUs": 2}, "1648880301.312809": {"GPUs": 1, "CPUs": 2}, "1648880301.812877": {"GPUs": 1, "CPUs": 2}, "1648880302.312901": {"GPUs": 1, "CPUs": 2}, "1648880302.812858": {"GPUs": 1, "CPUs": 2}, "1648880303.312833": {"GPUs": 1, "CPUs": 2}, "1648880303.812834": {"GPUs": 1, "CPUs": 2}, "1648880304.313569": {"GPUs": 1, "CPUs": 1}, "1648880304.81283": {"GPUs": 1, "CPUs": 3}, "1648880305.312882": {"GPUs": 1, "CPUs": 2}, "1648880305.812876": {"GPUs": 1, "CPUs": 2}, "1648880306.31288": {"GPUs": 1, "CPUs": 2}, "1648880306.81286": {"GPUs": 1, "CPUs": 3}, "1648880307.312828": {"GPUs": 1, "CPUs": 2}, "1648880319.312841": {"GPUs": 1, "CPUs": 1}, "1648880319.812847": {"GPUs": 1, "CPUs": 2}, "1648880320.31284": {"GPUs": 1, "CPUs": 1}, "1648880320.812854": {"GPUs": 1, "CPUs": 1}, "1648880321.312843": {"GPUs": 1, "CPUs": 1}, "1648880322.812858": {"GPUs": 1, "CPUs": 2}, "1648880323.312873": {"GPUs": 1, "CPUs": 2}, "1648880323.812926": {"GPUs": 1, "CPUs": 2}, "1648880324.312945": {"GPUs": 1, "CPUs": 1}, "1648880324.812957": {"GPUs": 1, "CPUs": 1}, "1648880330.312885": {"GPUs": 1, "CPUs": 1},