{"RuleTriggered": 0, "Violations": 0, "Details": {"step_num": {"first": 1648880392418691, "last": 1648881776676350}, "job_start": 1648879991.312946, "job_end": 1648881779.814689}, "Datapoints": 223, "RuleParameters": "threshold:20"}