{"RuleTriggered": 0, "Violations": 0, "Details": {"ratio": {"gpu_functions-dev:0": 50.43203263756069, "cpu_functions": 49.56796736243932}, "phase": {"Step:ModeKeys.TRAIN": 52.20601663609861, "others": 47.081538843406925, "Step:ModeKeys.EVAL": 0.7124445204944693}, "phase_time": {}, "CPU": {"aten::conv2d": 14.381011339066829, "aten::convolution": 14.377724063129149, "aten::_convolution": 14.375406589435826, "aten::cudnn_convolution": 14.369700702398664, "enumerate(DataLoader)#_SingleProcessDataLoaderIter.__next__": 42.496157305969525}, "CPU_total": {"aten::conv2d": 23177427, "aten::convolution": 23172129, "aten::_convolution": 23168394, "aten::cudnn_convolution": 23159198, "enumerate(DataLoader)#_SingleProcessDataLoaderIter.__next__": 68489730}, "GPU": {"aten::conv2d": 14.73172244285554, "aten::convolution": 14.73069016731213, "aten::_convolution": 14.729802446333487, "aten::cudnn_convolution": 14.726261159402467, "enumerate(DataLoader)#_SingleProcessDataLoaderIter.__next__": 41.08152378409637}, "GPU_total": {"aten::conv2d": 24560588, "aten::convolution": 24558867, "aten::_convolution": 24557387, "aten::cudnn_convolution": 24551483, "enumerate(DataLoader)#_SingleProcessDataLoaderIter.__next__": 68490727}, "general": {"DataLoaderIterInitialize": 0.002311373413971813, "DataLoaderIter": 11.392365127462858, "Forward": 88.60532349912317}}, "Datapoints": 0, "RuleParameters": ""}