{"RuleTriggered": 5, "Violations": 68, "Details": {"step_details": {"algo-1-51": {"step_stats": {"mean": 2.4388570426540284, "max": 33.915206, "p99": 32.99787, "p95": 31.243316, "p50": 0.02302, "min": 0.01621}, "number_of_outliers": 14, "phase": "Step:ModeKeys.TRAIN", "stddev": 8.27, "probs": [194, 0, 0, 0, 0, 0, 0, 0, 0, 0, 0, 0, 0, 0, 0, 0, 0, 0, 0, 0, 0, 0, 0, 0, 0, 0, 0, 0, 0, 0, 0, 0, 0, 0, 0, 0, 0, 0, 0, 0, 0, 0, 0, 0, 0, 0, 0, 0, 0, 0, 0, 0, 0, 0, 0, 0, 0, 0, 0, 0, 0, 0, 0, 0, 0, 0, 0, 0, 0, 0, 0, 0, 0, 0, 0, 0, 0, 0, 0, 0, 0, 0, 1, 0, 0, 0, 0, 0, 0, 0, 0, 0, 0, 0, 0, 0, 0, 0, 0, 2], "binedges": [0.01621, 0.22912339, 0.44203678, 0.65495017, 0.86786356, 1.0807769500000002, 1.2936903400000002, 1.5066037300000001, 1.7195171200000001, 1.93243051, 2.1453439000000003, 2.35825729, 2.5711706800000003, 2.78408407, 2.9969974600000002, 3.20991085, 3.42282424, 3.6357376300000004, 3.84865102, 4.06156441, 4.2744778000000005, 4.48739119, 4.70030458, 4.91321797, 5.1261313600000005, 5.33904475, 5.55195814, 5.764871530000001, 5.97778492, 6.19069831, 6.4036117, 6.6165250900000006, 6.82943848, 7.04235187, 7.255265260000001, 7.4681786500000005, 7.68109204, 7.89400543, 8.106918819999999, 8.31983221, 8.5327456, 8.745658989999999, 8.95857238, 9.17148577, 9.38439916, 9.59731255, 9.810225939999999, 10.02313933, 10.23605272, 10.448966109999999, 10.6618795, 10.87479289, 11.087706279999999, 11.30061967, 11.51353306, 11.72644645, 11.93935984, 12.15227323, 12.36518662, 12.57810001, 12.791013399999999, 13.00392679, 13.21684018, 13.429753569999999, 13.64266696, 13.85558035, 14.06849374, 14.28140713, 14.49432052, 14.70723391, 14.9201473, 15.133060689999999, 15.34597408, 15.55888747, 15.771800859999999, 15.98471425, 16.19762764, 16.41054103, 16.62345442, 16.836367810000002, 17.049281200000003, 17.26219459, 17.47510798, 17.68802137, 17.900934760000002, 18.113848150000003, 18.326761540000003, 18.53967493, 18.75258832, 18.96550171, 19.178415100000002, 19.391328490000003, 19.60424188, 19.81715527, 20.03006866, 20.242982050000002, 20.455895440000003, 20.668808830000003, 20.88172222, 21.09463561, 21.307549], "step_numbers": ["1", "2", "3", "3", "4", "5", "5", "6", "6", "7", "8", "8", "9", "9"]}}, "ratio": {}, "phase": {"Step:ModeKeys.EVAL": 100.0}, "phase_time": {}, "general": {"Forward": 100.0}}, "Datapoints": 223, "RuleParameters": "threshold:3\nmode:None\nn_outliers:10\nstddev:3"}